{"n_repeats": 10, "n_per_class": 200, "seed": 0, "kernel": "linear", "cv_C": {"1.0": {"tstd": 0.001543209876543211, "std": 0.01724908299584447, "tscore": 0.9952777777777777, "score": 0.981}}, "training_set": ["911", "1279", "1676", "811", "565", "154", "176", "474", "1031", "1595", "1395", "528", "640", "265", "1538", "891", "381", "1072", "69", "602", "685", "884", "915", "799", "776", "1120", "935", "1103", "1637", "1501", "1040", "1444", "495", "18", "470", "65", "1260", "589", "1682", "806", "234", "753", "481", "1109", "468", "349", "1164", "1570", "1326", "1542", "1023", "251", "855", "1309", "477", "1388", "1456", "1215", "1426", "594", "598", "1059", "1291", "406", "1075", "257", "632", "12", "1243", "1422", "1397", "253", "1694", "1123", "643", "223", "1394", "734", "1385", "255", "537", "746", "24", "784", "568", "210", "367", "1101", "1218", "309", "820", "113", "1327", "534", "914", "545", "359", "1431", "1017", "1420", "41", "882", "1303", "1063", "32", "1531", "905", "910", "805", "597", "195", "1020", "1703", "464", "681", "90", "1378", "28", "1001", "1716", "380", "1718", "1450", "785", "1295", "1482", "1358", "1356", "1634", "917", "1186", "1560", "202", "422", "736", "918", "1038", "1469", "1599", "347", "650", "76", "677", "1683", "773", "1068", "329", "212", "1266", "1400", "1455", "1009", "333", "705", "1300", "233", "440", "779", "1119", "1283", "443", "1391", "864", "4", "1262", "1223", "296", "678", "569", "1255", "741", "396", "791", "1259", "687", "496", "756", "554", "1239", "747", "201", "1587", "745", "1561", "306", "558", "91", "1518", "1554", "1205", "682", "1575", "887", "742", "897", "1287", "844", "1414", "49", "1668", "795", "764", "1111", "749", "815", "479", "1698", "1712", "1379", "1257", "664", "454", "704", "1272", "933", "1565", "48", "691", "14", "656", "611", "775", "796", "1077", "1509", "1398", "1094", "449", "1409", "351", "52", "152", "931", "107", "548", "305", "1228", "1226", "1010", "755", "1492", "490", "1344", "1102", "1624", "744", "707", "738", "205", "1316", "501", "737", "865", "1204", "500", "1689", "1707", "1288", "644", "922", "1427", "1447", "567", "1603", "441", "1134", "1304", "295", "1333", "463", "1046", "1392", "308", "1635", "231", "1613", "604", "1213", "1474", "1626", "471", "592", "288", "717", "615", "157", "652", "1322", "126", "1513", "1376", "1351", "185", "1571", "1522", "1298", "368", "1731", "1608", "515", "1543", "679", "404", "1654", "862", "493", "1265", "1284", "1389", "1144", "1248", "386", "442", "1033", "1076", "867", "555", "1411", "106", "883", "104", "765", "721", "188", "1057", "364", "1627", "1515", "1112", "1367", "1106", "314", "1093", "1197", "551", "135", "357", "6", "1424", "1318", "1083", "194", "138", "1457", "1633", "36", "732", "68", "866", "579", "114", "1490", "156", "1096", "1347", "1662", "1552", "1159", "813", "1468", "243", "1487", "8", "1432", "124", "148", "1100", "209", "345", "261", "82", "725", "718", "671", "907", "1359", "1611", "89", "184", "1520", "1371", "888", "1436", "1098", "211", "70", "847", "1189", "1607", "728", "1526", "831", "1140", "465", "690", "1610", "437", "1479", "1625", "825", "150", "5", "1435", "1302", "388", "1056", "489", "1180", "694", "1082", "1638", "127", "710", "1693", "1055", "1129", "352", "1173", "1216", "387", "1126", "1028", "30", "1473", "168", "1162", "322", "646", "1294", "852", "561", "659", "161", "871", "186", "1562", "403", "1582", "492", "433", "1405", "1525", "330", "160", "1289", "397", "360", "1321", "37", "1370", "1015", "1466", "1332", "402", "313", "1157", "178", "576", "297", "39", "169", "401", "546", "672", "1097", "1192", "1025", "670", "1061", "1080", "1605", "841", "1054", "584", "316", "1433", "609", "346", "373", "1655", "431", "1165", "337", "1406", "1249", "1584", "1163", "191", "850", "1035", "1188", "607", "193", "312", "1454", "642", "47", "1723", "1657", "272", "247", "1539", "480", "637", "1446", "553", "271", "245", "858", "1104", "1011", "1048", "628", "1306", "875", "222", "269", "51", "1672", "318", "1452", "72", "122", "483", "758", "1280", "1339", "1168", "229", "112", "499", "1686", "1516", "1558", "421", "1027", "1696", "88", "466", "1451", "366", "833", "1177", "1219", "1128", "832", "325", "284", "517", "60", "544", "610", "472", "1396", "1241", "86", "121", "2", "649", "430", "58", "218", "1003", "803", "453", "354", "1500", "1656", "273", "836", "1449", "435", "660", "59", "285", "436", "376", "1719", "1645", "1524", "1485", "912", "1415", "353", "814", "1161", "1136", "1551", "252", "1615", "1732", "768", "1117", "319", "384", "1045", "371", "1507", "180", "1254"]}