{"cv_C": {"1.0": {"tscore": 0.9380888888888889, "tstd": 0.00389435242313923, "score": 0.8187000000000001, "std": 0.035778640431284}}, "kernel": "linear", "n_repeats": 10, "seed": 0, "training_set": ["1266", "1668", "831", "736", "1093", "1030", "2111", "2912", "149", "844", "1101", "496", "291", "554", "1719", "138", "573", "1969", "1599", "461", "846", "1768", "1128", "798", "1683", "1778", "1021", "2672", "1781", "297", "2032", "526", "381", "1097", "2606", "1569", "687", "678", "2927", "994", "457", "2650", "2035", "467", "888", "2115", "588", "1617", "2600", "1061", "1842", "1008", "439", "2461", "1020", "87", "1145", "284", "268", "1935", "1094", "1843", "1182", "2426", "884", "1222", "2404", "425", "48", "1337", "734", "373", "204", "1663", "1234", "1056", "411", "1567", "562", "1607", "1036", "2499", "639", "1989", "2148", "818", "1562", "1395", "600", "880", "2136", "1493", "821", "1178", "240", "2924", "3015", "1674", "1814", "996", "1139", "448", "1226", "1156", "564", "2510", "587", "22", "2275", "2903", "964", "2831", "683", "760", "2142", "802", "61", "2593", "2068", "2107", "126", "215", "2962", "137", "1370", "628", "1326", "2393", "2422", "31", "2113", "428", "433", "1641", "283", "2657", "1218", "1525", "2361", "1884", "1456", "315", "1515", "1170", "2960", "454", "2597", "1780", "128", "134", "679", "1042", "414", "889", "303", "2776", "2505", "589", "2993", "352", "263", "258", "2435", "1199", "607", "73", "1466", "372", "1779", "1017", "2508", "832", "2632", "1293", "273", "765", "1877", "1269", "733", "92", "910", "477", "721", "217", "2745", "1750", "444", "2444", "1661", "615", "356", "1045", "85", "2462", "418", "1710", "662", "757", "1174", "1854", "1432", "536", "2446", "186", "261", "2906", "1331", "1798", "1416", "658", "1770", "2395", "1163", "1685", "2429", "2320", "312", "2236", "1066", "34", "384", "745", "2500", "641", "1680", "866", "2721", "1963", "1367", "749", "1011", "508", "584", "2509", "237", "1422", "1504", "1263", "8", "1302", "282", "1048", "870", "999", "1590", "2566", "1084", "368", "1510", "2442", "298", "2967", "124", "2968", "1890", "633", "2645", "815", "1006", "1077", "1745", "2149", "655", "2671", "1108", "3009", "1400", "619", "1596", "692", "2356", "1166", "1551", "504", "835", "207", "1818", "354", "1679", "1022", "43", "1065", "622", "1635", "991", "791", "1878", "1000", "185", "1134", "632", "306", "1624", "651", "1099", "2570", "728", "774", "1983", "406", "2381", "2595", "1143", "305", "1554", "1057", "2713", "2248", "2781", "267", "449", "1926", "2938", "139", "1060", "1817", "565", "2915", "953", "1601", "1180", "1978", "1408", "2734", "148", "1500", "1329", "2896", "403", "1225", "1975", "337", "1445", "1695", "2740", "2416", "430", "2660", "1678", "1330", "2458", "1391", "2608", "865", "2438", "1691", "1627", "777", "1576", "1359", "1259", "431", "605", "1673", "331", "776", "1005", "1238", "1896", "1265", "1625", "46", "2494", "883", "177", "905", "770", "2972", "2335", "806", "887", "1354", "1755", "1039", "804", "249", "1815", "2272", "328", "401", "145", "1802", "72", "2852", "637", "2254", "168", "707", "2585", "2724", "1105", "1925", "1907", "389", "391", "1200", "853", "216", "1716", "3056", "860", "450", "563", "405", "17", "1993", "1587", "1565", "1697", "1598", "557", "1809", "1394", "464", "2483", "1191", "153", "553", "1856", "212", "1639", "1356", "2269", "1273", "1876", "538", "574", "292", "985", "2816", "652", "592", "691", "413", "55", "1961", "862", "2775", "1482", "2245", "2472", "1483", "1227", "1338", "800", "2921", "1620", "937", "959", "182", "14", "1766", "2569", "2373", "1463", "2501", "285", "1485", "362", "1757", "333", "1632", "1533", "1572", "585", "2800", "2985", "799", "190", "2748", "2489", "1153", "1236", "2819", "1232", "1852", "214", "272", "1407", "624", "1164", "805", "2023", "2455", "2103", "1405", "397", "626", "1190", "442", "271", "2498", "967", "377", "2578", "1025", "625", "575", "1054", "680", "506", "2024", "1703", "351", "1411", "2108", "1870", "2101", "1615", "225", "759", "3010", "2702", "2226", "1715", "2162", "2760", "2541", "714", "2193", "2700", "2217", "1211", "2304", "2349", "2135", "702", "2553", "1928", "1906", "1652", "2132", "912", "2010", "2327", "1216", "1633", "1997", "2348", "1649", "2175", "1985", "1291", "1121", "164", "521", "697", "2845", "80", "1822", "2958", "2861", "2220", "2308", "1310", "2842", "2279", "2038", "1882", "1344", "3029", "2055", "2900", "1992", "1343", "2952", "2873", "2305", "1774", "2246", "2666", "2940", "1255", "2439", "293", "1913", "2980", "2892", "1645", "674", "2546", "3048", "1537", "2520", "26", "161", "2277", "2033", "1538", "1991", "194", "1965", "1973", "1579", "2463", "1717", "1535", "2790", "1708", "2170", "2939", "3013", "1070", "3031", "2549", "1417", "1792", "2655", "2353", "3020", "979", "2174", "2838", "2586", "1840", "750", "938", "2209", "696", "1361", "144", "2150", "2523", "2424", "1034", "1307", "2201", "2153", "1866", "2427", "3034", "1425", "1871", "2704", "2545", "627", "420", "2298", "1254", "1630", "2025", "1047", "929", "1702", "163", "957", "2898", "2695", "338", "1312", "990", "2123", "2643", "2409", "1621", "2888", "2511", "2765", "1532", "2448", "2542", "1883", "2680", "735", "1912", "2709", "1603", "993", "2048", "2565", "2054", "2403", "1283", "1064", "1071", "1534", "2378", "135", "2877", "2786", "175", "960", "2487", "2166", "1069", "1868", "2093", "2292", "2234", "787", "1721", "816", "2021", "1442", "189", "1714", "2049", "983", "732", "761", "2744", "1464", "1564", "2971", "807", "1031", "1970", "715", "533", "1894", "532", "2046", "1109", "1543", "1253", "1966", "3003", "2177", "1333", "1297", "512", "686", "2868", "4", "2051", "1918", "694", "982", "2270", "2989", "1858", "2231", "2492", "2346", "158", "1915", "2484", "950", "2215", "1880", "2129", "2235", "1693", "2223", "1946", "341", "2901", "1707", "2196", "143", "2763", "719", "2688", "2159", "1126", "2726", "2743", "2042", "1862", "2828", "2859", "2249", "3045", "2431", "1664", "2761", "2202", "924", "2798", "1892", "1941", "3008", "1072", "789", "1684", "423", "1699", "2146", "939", "2880", "2751", "2243", "2145", "2067", "2003", "3025", "1208", "1390", "988", "2199", "2964", "1321", "5", "188", "2821", "2853", "1037", "15", "2265", "3002", "974", "2810", "833", "1288", "2639", "1303", "2698", "755", "2982", "1855", "2", "1589", "987", "2679", "1956", "77", "2992", "2157", "1995", "227", "3023", "2370", "2981", "2255", "1327", "1529", "2039", "2184", "417", "1712", "1508", "1262", "2783", "1901", "2517", "2862", "1795", "1196", "2253", "1541", "2874", "2556", "2040", "782", "1284", "852", "2837", "1204", "2889", "2539", "79", "2955", "2095", "1410", "1606", "527", "2841", "2919", "1314", "2064", "1295", "2931", "1711", "1584", "1280", "3030", "1278", "2276", "2114", "2871", "2944", "1194", "2094", "673", "2151", "1690", "741", "933", "954", "854", "2079", "2351", "350", "1323", "20", "2412", "1801", "2592", "947", "2303", "2855", "1900", "927", "1286", "2090", "30", "2974", "2568", "1040", "2176", "2130", "1501", "2011", "556", "2946", "2720", "1726", "2098", "2690", "965", "2126", "165", "2811", "1895", "2895", "2187", "2493", "2815", "2241", "23", "2080", "1258", "2228", "2682", "1933", "1658", "167", "1937", "2516", "918", "2221", "917", "1414", "2558", "930", "2301", "2829", "2543", "2204", "2646", "2147", "2262", "1724", "1516", "530", "1347", "1720", "2547", "2850", "2229", "2699", "1209", "1197", "3", "1903", "1930", "2681", "1648", "685", "1511", "2677", "2619", "2768", "2574", "2860", "2105", "2637", "1885", "2684", "2834", "1921", "2764", "1382", "2899", "1243", "2027", "3051", "1919", "2970", "1873", "471", "744", "170", "2268", "2372", "2719", "2787", "2718", "2318", "2306", "2171", "704", "2100", "2777", "1934", "3007", "2902", "2121", "1434", "2975"], "n_per_class": 500}