{"cv_C": {"1.0": {"tscore": 0.8704166666666666, "std": 0.07192167456843085, "tstd": 0.011600978830003581, "score": 0.677}}, "n_per_class": 200, "kernel": "linear", "n_repeats": 10, "training_set": ["1687", "376", "1273", "1178", "1558", "816", "1603", "599", "2903", "1100", "1753", "1825", "39", "499", "538", "255", "522", "1672", "2606", "1822", "1828", "2500", "1420", "52", "570", "359", "1495", "664", "1711", "2477", "1765", "1675", "1139", "1246", "1393", "1097", "1435", "1789", "392", "1471", "2538", "575", "2555", "380", "1154", "580", "2559", "2561", "2906", "1474", "239", "258", "2892", "2332", "1609", "1399", "1372", "1798", "1600", "1552", "642", "436", "1103", "1669", "645", "804", "1402", "1759", "2576", "212", "1546", "2365", "1717", "526", "1468", "291", "583", "616", "294", "653", "1157", "1840", "1849", "1336", "867", "8", "592", "2519", "430", "484", "510", "1160", "2543", "2645", "2503", "1801", "1726", "1477", "1795", "1130", "837", "2116", "529", "2397", "1145", "2570", "1846", "621", "289", "2573", "1678", "843", "2499", "492", "419", "242", "540", "1927", "2619", "1573", "1064", "1960", "1118", "399", "2952", "2098", "1771", "49", "1792", "442", "361", "1232", "810", "1235", "942", "1636", "1585", "2564", "596", "2320", "85", "2461", "236", "1693", "1321", "578", "2434", "1543", "1804", "82", "2357", "487", "1220", "383", "2961", "535", "628", "1187", "2654", "24", "2104", "2383", "1807", "2473", "461", "2947", "2973", "1238", "2651", "2568", "2660", "2895", "1267", "846", "1780", "1612", "1702", "2350", "2967", "2615", "1148", "370", "1561", "633", "1537", "2628", "587", "831", "2491", "2314", "861", "2317", "1579", "2470", "930", "1744", "661", "2898", "801", "1699", "437", "1689", "469", "1007", "2875", "764", "905", "2298", "385", "1815", "307", "2960", "832", "1266", "1541", "2689", "204", "1844", "3053", "1494", "2315", "3045", "1463", "2822", "2979", "2504", "2042", "1580", "1997", "304", "1429", "2289", "623", "1745", "1159", "1746", "2013", "546", "2078", "1305", "2760", "2719", "284", "2075", "955", "2792", "868", "501", "533", "2406", "903", "293", "895", "2290", "1508", "2458", "1704", "1018", "768", "1755", "1719", "1926", "123", "2810", "2761", "2944", "472", "2663", "2165", "1025", "1512", "2526", "1340", "2257", "2987", "1501", "1691", "2021", "2902", "1727", "60", "1326", "2112", "2085", "2058", "815", "2444", "443", "643", "720", "270", "1111", "1314", "223", "2187", "37", "2007", "1456", "582", "458", "2067", "2115", "2774", "2179", "1924", "3013", "1395", "1981", "3037", "2723", "1682", "1084", "2305", "1098", "1315", "697", "1857", "2798", "2236", "1472", "345", "564", "1584", "875", "771", "1760", "2089", "1233", "2983", "1589", "1370", "159", "1721", "2059", "2228", "1325", "1110", "721", "751", "240", "2435", "2545", "1998", "543", "1173", "2118", "1950", "2088", "1668", "1646", "2807", "252", "45", "1478", "2152", "1277", "573", "2634", "1953", "198", "1640", "1542", "55", "2797", "2200", "709", "1710", "228", "2878", "200", "2175", "1908", "1843", "1673", "1042", "2050", "1706", "1308", "272", "201", "899", "132", "139", "795", "1790", "1028", "711", "2198", "2945", "2508", "2226", "120", "1185", "130", "1932", "2037", "2635", "790", "2130", "956"], "seed": 0}